in.qt, in.q, in.pt, in.p, out.qt, out.q, out.pt, out.p
0, 0.000000000, 1, 0.299624185, 0, 0.000000000, 1, -0.143287851
2, 0.005992484, 1, 0.299624185, 2, -0.002865757, 1, -0.143287851
4, 0.012383717, 3, 0.319561650, 2, -0.002865757, 3, -0.123350386
6, 0.019172130, 5, 0.339420631, 4, -0.005332765, 5, -0.103491405
8, 0.026355835, 7, 0.359185240, 6, -0.007402593, 7, -0.083726796
10, 0.033932628, 9, 0.378839666, 8, -0.009077129, 9, -0.064072370
12, 0.041899992, 11, 0.398368185, 10, -0.010358576, 11, -0.044543851
14, 0.050255095, 13, 0.417755174, 12, -0.011249453, 13, -0.025156862
16, 0.058994797, 15, 0.436985124, 14, -0.011752590, 15, -0.005926912
18, 0.068115650, 17, 0.456042651, 16, -0.011871128, 17, 0.013130615
20, 0.077613900, 19, 0.474912508, 18, -0.011608516, 19, 0.032000472
22, 0.087485492, 21, 0.493579600, 20, -0.010968507, 21, 0.050667564
24, 0.097726072, 23, 0.512028993, 22, -0.009955156, 23, 0.069116957
26, 0.108330991, 25, 0.530245928, 24, -0.008572817, 25, 0.087333892
28, 0.119295308, 27, 0.548215831, 26, -0.006826139, 27, 0.105303795
30, 0.130613795, 29, 0.565924326, 28, -0.004720063, 29, 0.123012290
32, 0.142280940, 31, 0.583357246, 30, -0.002259817, 31, 0.140445210
34, 0.154290953, 33, 0.600500645, 32, 0.000549087, 33, 0.157588609
36, 0.166637769, 35, 0.617340809, 34, 0.003700859, 35, 0.174428773
38, 0.179315054, 37, 0.633864265, 36, 0.007189434, 37, 0.190952229
40, 0.192316210, 39, 0.650057794, 38, 0.011008479, 39, 0.207145758
42, 0.205634379, 41, 0.665908442, 40, 0.015151394, 41, 0.222996406
44, 0.219262450, 43, 0.681403528, 42, 0.019611322, 43, 0.238491492
46, 0.233193063, 45, 0.696530656, 44, 0.024381152, 45, 0.253618620
48, 0.247418617, 47, 0.711277724, 46, 0.029453524, 47, 0.268365688
50, 0.261931276, 49, 0.725632935, 48, 0.034820838, 49, 0.282720899
52, 0.276722972, 51, 0.739584804, 50, 0.040475256, 51, 0.296672768
54, 0.291785415, 53, 0.753122170, 52, 0.046408711, 53, 0.310210134
56, 0.307110099, 55, 0.766234203, 54, 0.052612914, 55, 0.323322167
58, 0.322688307, 57, 0.778910414, 56, 0.059079357, 57, 0.335998378
60, 0.338511120, 59, 0.791140661, 58, 0.065799325, 59, 0.348228625
62, 0.354569423, 61, 0.802915161, 60, 0.072763897, 61, 0.360003125
64, 0.370853913, 63, 0.814224493, 62, 0.079963959, 63, 0.371312457
66, 0.387355105, 65, 0.825059611, 64, 0.087390208, 65, 0.382147575
68, 0.404063342, 67, 0.835411846, 66, 0.095033160, 67, 0.392499810
70, 0.420968800, 69, 0.845272916, 68, 0.102883156, 69, 0.402360880
72, 0.438061499, 71, 0.854634933, 70, 0.110930374, 71, 0.411722897
74, 0.455331307, 73, 0.863490406, 72, 0.119164832, 73, 0.420578370
76, 0.472767952, 75, 0.871832252, 74, 0.127576399, 75, 0.428920216
78, 0.490361028, 77, 0.879653797, 76, 0.136154803, 77, 0.436741761
80, 0.508100004, 79, 0.886948784, 78, 0.144889638, 79, 0.444036748
82, 0.525974232, 81, 0.893711376, 80, 0.153770373, 81, 0.450799340
84, 0.543972955, 83, 0.899936164, 82, 0.162786360, 83, 0.457024128
86, 0.562085318, 85, 0.905618168, 84, 0.171926843, 85, 0.462706132
88, 0.580300375, 87, 0.910752842, 86, 0.181180966, 87, 0.467840806
90, 0.598607097, 89, 0.915336079, 88, 0.190537782, 89, 0.472424043
92, 0.616994381, 91, 0.919364212, 90, 0.199986263, 91, 0.476452176
94, 0.635451061, 93, 0.922834018, 92, 0.209515307, 93, 0.479921982
96, 0.653965915, 95, 0.925742722, 94, 0.219113747, 95, 0.482830686
98, 0.672527675, 97, 0.928087996, 96, 0.228770361, 97, 0.485175960
100, 0.691125034, 99, 0.929867965, 98, 0.238473880, 99, 0.486955929
102, 0.709746658, 101, 0.931081204, 100, 0.248212999, 101, 0.488169168
104, 0.728381193, 103, 0.931726743, 102, 0.257976382, 103, 0.488814707
106, 0.747017274, 105, 0.931804066, 104, 0.267752676, 105, 0.488892030
108, 0.765643536, 107, 0.931313110, 106, 0.277530517, 107, 0.488401074
110, 0.784248621, 109, 0.930254269, 108, 0.287298538, 109, 0.487342233
112, 0.802821189, 111, 0.928628389, 110, 0.297045383, 111, 0.485716353
114, 0.821349924, 113, 0.926436771, 112, 0.306759710, 113, 0.483524735
116, 0.839823547, 115, 0.923681168, 114, 0.316430205, 115, 0.480769132
118, 0.858230823, 117, 0.920363785, 116, 0.326045588, 117, 0.477451749
120, 0.876560569, 119, 0.916487276, 118, 0.335594623, 119, 0.473575240
122, 0.894801664, 121, 0.912054742, 120, 0.345066128, 121, 0.469142706
124, 0.912943059, 123, 0.907069729, 122, 0.354448982, 123, 0.464157693
126, 0.930973783, 125, 0.901536225, 124, 0.363732136, 125, 0.458624189
128, 0.948882956, 127, 0.895458657, 126, 0.372904620, 127, 0.452546621
130, 0.966659794, 129, 0.888841887, 128, 0.381955552, 129, 0.445929851
132, 0.984293618, 131, 0.881691208, 130, 0.390874149, 131, 0.438779172
134, 1.001773865, 133, 0.874012341, 132, 0.399649732, 133, 0.431100305
136, 1.019090094, 135, 0.865811429, 134, 0.408271738, 135, 0.422899393
138, 1.036231995, 137, 0.857095033, 136, 0.416729726, 137, 0.414182997
140, 1.053189397, 139, 0.847870125, 138, 0.425013386, 139, 0.404958089
142, 1.069952279, 141, 0.838144086, 140, 0.433112548, 141, 0.395232050
144, 1.086510773, 143, 0.827924697, 142, 0.441017189, 143, 0.385012661
146, 1.102855176, 145, 0.817220133, 144, 0.448717442, 145, 0.374308097
148, 1.118975955, 147, 0.806038957, 146, 0.456203604, 147, 0.363126921
150, 1.134863757, 149, 0.794390115, 148, 0.463466142, 149, 0.351478079
152, 1.150509416, 151, 0.782282926, 150, 0.470495704, 151, 0.339370890
154, 1.165903958, 153, 0.769727075, 152, 0.477283122, 153, 0.326815039
156, 1.181038610, 155, 0.756732607, 154, 0.483819423, 155, 0.313820571
158, 1.195904808, 157, 0.743309918, 156, 0.490095834, 157, 0.300397882
160, 1.210494203, 159, 0.729469746, 158, 0.496103792, 159, 0.286557710
162, 1.224798666, 161, 0.715223163, 160, 0.501834946, 161, 0.272311127
164, 1.238810297, 163, 0.700581566, 162, 0.507281169, 163, 0.257669530
166, 1.252521430, 165, 0.685556669, 164, 0.512434560, 165, 0.242644633
168, 1.265924640, 167, 0.670160491, 166, 0.517287453, 167, 0.227248455
170, 1.279012747, 169, 0.654405350, 168, 0.521832422, 169, 0.211493314
172, 1.291778824, 171, 0.638303849, 170, 0.526062288, 171, 0.195391813
174, 1.304216201, 173, 0.621868870, 172, 0.529970124, 173, 0.178956834
176, 1.316318472, 175, 0.605113561, 174, 0.533549261, 175, 0.162201525
178, 1.328079499, 177, 0.588051326, 176, 0.536793291, 177, 0.145139290
180, 1.339493415, 179, 0.570695814, 178, 0.539696077, 179, 0.127783778
182, 1.350554633, 181, 0.553060911, 180, 0.542251753, 181, 0.110148875
184, 1.361257847, 183, 0.535160724, 182, 0.544454731, 183, 0.092248688
186, 1.371598038, 185, 0.517009573, 184, 0.546299705, 185, 0.074097537
188, 1.381570478, 187, 0.498621979, 186, 0.547781656, 187, 0.055709943
190, 1.391170731, 189, 0.480012652, 188, 0.548895855, 189, 0.037100616
192, 1.400394661, 191, 0.461196480, 190, 0.549637867, 191, 0.018284444
194, 1.409238431, 193, 0.442188516, 192, 0.550003556, 193, -0.000723520
196, 1.417698510, 195, 0.423003966, 194, 0.549989086, 195, -0.019908070
198, 1.425771674, 197, 0.403658177, 196, 0.549590925, 197, -0.039253859
200, 1.433455007, 199, 0.384166627, 198, 0.548805848, 199, -0.058745409
202, 1.440745905, 201, 0.364544908, 200, 0.547630940, 201, -0.078367128
204, 1.447642079, 203, 0.344808718, 202, 0.546063597, 203, -0.098103318
206, 1.454141556, 205, 0.324973846, 204, 0.544101531, 205, -0.117938190
208, 1.460242679, 207, 0.305056160, 206, 0.541742767, 207, -0.137855876
210, 1.465944111, 209, 0.285071593, 208, 0.538985649, 209, -0.157840443
212, 1.471244834, 211, 0.265036134, 210, 0.535828840, 211, -0.177875902
214, 1.476144150, 213, 0.244965811, 212, 0.532271322, 213, -0.197946225
216, 1.480641684, 215, 0.224876680, 214, 0.528312398, 215, -0.218035356
218, 1.484737380, 217, 0.204784812, 216, 0.523951691, 217, -0.238127224
220, 1.488431506, 219, 0.184706281, 218, 0.519189147, 219, -0.258205755
222, 1.491724649, 221, 0.164657150, 220, 0.514025032, 221, -0.278254886
224, 1.494617718, 223, 0.144653458, 222, 0.508459934, 223, -0.298258578
226, 1.497111942, 225, 0.124711208, 224, 0.502494762, 225, -0.318200828
228, 1.499208869, 227, 0.104846354, 226, 0.496130745, 227, -0.338065682
230, 1.500910365, 229, 0.085074788, 228, 0.489369431, 229, -0.357837248
232, 1.502218612, 231, 0.065412327, 230, 0.482212686, 231, -0.377499709
234, 1.503136106, 233, 0.045874701, 232, 0.474662692, 233, -0.397037335
236, 1.503665657, 235, 0.026477540, 234, 0.466721945, 235, -0.416434496
238, 1.503810384, 237, 0.007236362, 236, 0.458393255, 237, -0.435675674
240, 1.503573715, 239, -0.011833441, 238, 0.449679742, 239, -0.454745477
242, 1.502959383, 241, -0.030716612, 240, 0.440584832, 241, -0.473628648
244, 1.501971422, 243, -0.049398045, 242, 0.431112259, 243, -0.492310081
246, 1.500614166, 245, -0.067862795, 244, 0.421266057, 245, -0.510774831
248, 1.498892244, 247, -0.086096090, 246, 0.411050560, 247, -0.529008126
250, 1.496810577, 249, -0.104083343, 248, 0.400470397, 249, -0.546995379
252, 1.494374374, 251, -0.121810164, 250, 0.389530489, 251, -0.564722200
254, 1.491589127, 253, -0.139262372, 252, 0.378236045, 253, -0.582174408
256, 1.488460607, 255, -0.156426006, 254, 0.366592557, 255, -0.599338042
258, 1.484994860, 257, -0.173287334, 256, 0.354605796, 257, -0.616199370
260, 1.481198203, 259, -0.189832867, 258, 0.342281809, 259, -0.632744903
262, 1.477077216, 261, -0.206049369, 260, 0.329626911, 261, -0.648961405
264, 1.472638739, 263, -0.221923867, 262, 0.316647683, 263, -0.664835903
266, 1.467889866, 265, -0.237443661, 264, 0.303350965, 265, -0.680355697
268, 1.462837939, 267, -0.252596335, 266, 0.289743851, 267, -0.695508371
270, 1.457490544, 269, -0.267369767, 268, 0.275833684, 269, -0.710281803
272, 1.451855501, 271, -0.281752139, 270, 0.261628048, 271, -0.724664175
274, 1.445940862, 273, -0.295731944, 272, 0.247134764, 273, -0.738643980
276, 1.439754902, 275, -0.309297999, 274, 0.232361884, 275, -0.752210035
278, 1.433306113, 277, -0.322439451, 276, 0.217317683, 277, -0.765351487
280, 1.426603197, 279, -0.335145786, 278, 0.202010653, 279, -0.778057822
282, 1.419655060, 281, -0.347406840, 280, 0.186449497, 281, -0.790318876
284, 1.412470804, 283, -0.359212804, 282, 0.170643119, 283, -0.802124840
286, 1.405059719, 285, -0.370554233, 284, 0.154600622, 285, -0.813466269
288, 1.397431278, 287, -0.381422053, 286, 0.138331297, 287, -0.824334089
290, 1.389595127, 289, -0.391807571, 288, 0.121844615, 289, -0.834719607
292, 1.381561077, 291, -0.401702478, 290, 0.105150223, 291, -0.844614514
294, 1.373339100, 293, -0.411098858, 292, 0.088257933, 293, -0.854010894
296, 1.364939316, 295, -0.419989194, 294, 0.071177715, 295, -0.862901230
298, 1.356371989, 297, -0.428366374, 296, 0.053919690, 297, -0.871278410
300, 1.347647515, 299, -0.436223696, 298, 0.036494122, 299, -0.879135732
302, 1.338776418, 301, -0.443554874, 300, 0.018911407, 301, -0.886466910
304, 1.329769337, 303, -0.450354044, 302, 0.001182069, 303, -0.893266080
306, 1.320637022, 305, -0.456615766, 304, -0.016683253, 305, -0.899527802
308, 1.311390321, 307, -0.462335030, 306, -0.034673809, 307, -0.905247066
310, 1.302040176, 309, -0.467507261, 308, -0.052778750, 309, -0.910419297
312, 1.292597610, 311, -0.472128322, 310, -0.070987136, 311, -0.915040358
314, 1.283073720, 313, -0.476194515, 312, -0.089287943, 313, -0.919106551
316, 1.273479668, 315, -0.479702588, 314, -0.107670074, 315, -0.922614624
318, 1.263826673, 317, -0.482649734, 316, -0.126122366, 317, -0.925561770
320, 1.254126001, 319, -0.485033595, 318, -0.144633601, 319, -0.927945631
322, 1.244388956, 321, -0.486852265, 320, -0.163192514, 321, -0.929764301
324, 1.234626870, 323, -0.488104288, 322, -0.181787800, 323, -0.931016324
326, 1.224851097, 325, -0.488788663, 324, -0.200408126, 325, -0.931700699
328, 1.215073000, 327, -0.488904842, 326, -0.219042140, 327, -0.931816878
330, 1.205303945, 329, -0.488452732, 328, -0.237678478, 329, -0.931364768
332, 1.195555291, 331, -0.487432695, 330, -0.256305773, 331, -0.930344731
334, 1.185838380, 333, -0.485845547, 332, -0.274912668, 333, -0.928757583
336, 1.176164529, 335, -0.483692558, 334, -0.293487820, 335, -0.926604594
338, 1.166545020, 337, -0.480975450, 336, -0.312019912, 337, -0.923887486
340, 1.156991092, 339, -0.477696397, 338, -0.330497662, 339, -0.920608433
342, 1.147513932, 341, -0.473858022, 340, -0.348909831, 341, -0.916770058
344, 1.138124664, 343, -0.469463396, 342, -0.367245232, 343, -0.912375432
346, 1.128834343, 345, -0.464516034, 344, -0.385492741, 345, -0.907428070
348, 1.119653945, 347, -0.459019895, 346, -0.403641302, 347, -0.901931931
350, 1.110594357, 349, -0.452979375, 348, -0.421679941, 349, -0.895891411
352, 1.101666371, 351, -0.446399307, 350, -0.439597769, 351, -0.889311343
354, 1.092880672, 353, -0.439284955, 352, -0.457383996, 353, -0.882196991
356, 1.084247832, 355, -0.431642010, 354, -0.475027936, 355, -0.874554046
358, 1.075778300, 357, -0.423476586, 356, -0.492519017, 357, -0.866388622
360, 1.067482396, 359, -0.414795216, 358, -0.509846789, 359, -0.857707252
362, 1.059370299, 361, -0.405604845, 360, -0.527000934, 361, -0.848516881
364, 1.051452042, 363, -0.395912826, 362, -0.543971272, 363, -0.838824862
366, 1.043737504, 365, -0.385726911, 364, -0.560747769, 365, -0.828638947
368, 1.036236399, 367, -0.375055250, 366, -0.577320548, 367, -0.817967286
370, 1.028958271, 369, -0.363906380, 368, -0.593679894, 369, -0.806818416
372, 1.021912487, 371, -0.352289220, 370, -0.609816262, 371, -0.795201256
374, 1.015108226, 373, -0.340213064, 372, -0.625720287, 373, -0.783125100
376, 1.008554475, 375, -0.327687573, 374, -0.641382789, 375, -0.770599609
378, 1.002260020, 377, -0.314722767, 376, -0.656794781, 377, -0.757634803
380, 0.996233440, 379, -0.301329018, 378, -0.671947477, 379, -0.744241054
382, 0.990483099, 381, -0.287517041, 380, -0.686832298, 381, -0.730429077
384, 0.985017141, 383, -0.273297885, 382, -0.701440880, 383, -0.716209921
386, 0.979843482, 385, -0.258682926, 384, -0.715765078, 385, -0.701594962
388, 0.974969805, 387, -0.243683856, 386, -0.729796977, 387, -0.686595892
390, 0.970403552, 389, -0.228312674, 388, -0.743528895, 389, -0.671224710
392, 0.966151918, 391, -0.212581677, 390, -0.756953389, 391, -0.655493713
394, 0.962221849, 393, -0.196503450, 392, -0.770063263, 393, -0.639415486
396, 0.958620032, 395, -0.180090856, 394, -0.782851573, 395, -0.623002892
398, 0.955352892, 397, -0.163357024, 396, -0.795311631, 397, -0.606269060
400, 0.952426585, 399, -0.146315342, 398, -0.807437012, 399, -0.589227378
402, 0.949846996, 401, -0.128979442, 400, -0.819221560, 401, -0.571891478
404, 0.947619732, 403, -0.111363194, 402, -0.830659390, 403, -0.554275230
406, 0.945750118, 405, -0.093480691, 404, -0.841744895, 405, -0.536392727
408, 0.944243193, 407, -0.075346238, 406, -0.852472750, 407, -0.518258274
410, 0.943103706, 409, -0.056974344, 408, -0.862837915, 409, -0.499886380
412, 0.942336112, 411, -0.038379705, 410, -0.872835643, 411, -0.481291741
414, 0.941944568, 413, -0.019577198, 412, -0.882461478, 413, -0.462489234
416, 0.941932931, 415, -0.000581864, 414, -0.891711263, 415, -0.443493900
418, 0.942304753, 417, 0.018591100, 416, -0.900581141, 417, -0.424320936
420, 0.943063280, 419, 0.037926356, 418, -0.909067560, 419, -0.404985680
422, 0.944211449, 421, 0.057408436, 420, -0.917167274, 421, -0.385503600
424, 0.945751884, 423, 0.077021754, 422, -0.924877346, 423, -0.365890282
426, 0.947686896, 425, 0.096750619, 424, -0.932195152, 425, -0.346161417
428, 0.950018481, 427, 0.116579249, 426, -0.939118380, 427, -0.326332787
430, 0.952748317, 429, 0.136491780, 428, -0.945645036, 429, -0.306420256
432, 0.955877763, 431, 0.156472282, 430, -0.951773441, 431, -0.286439754
434, 0.959407858, 433, 0.176504771, 432, -0.957502236, 433, -0.266407265
436, 0.963339322, 435, 0.196573221, 434, -0.962830381, 435, -0.246338815
438, 0.967672554, 437, 0.216661578, 436, -0.967757157, 437, -0.226250458
440, 0.972407629, 439, 0.236753770, 438, -0.972282166, 439, -0.206158266
442, 0.977544303, 441, 0.256833724, 440, -0.976405331, 441, -0.186078312
444, 0.983082011, 443, 0.276885376, 442, -0.980126897, 443, -0.166026660
446, 0.989019865, 445, 0.296892684, 444, -0.983447430, 445, -0.146019352
448, 0.995356658, 447, 0.316839643, 446, -0.986367817, 447, -0.126072393
450, 1.002090864, 449, 0.336710295, 448, -0.988889265, 449, -0.106201741
452, 1.009220639, 451, 0.356488744, 450, -0.991013300, 451, -0.086423292
454, 1.016743822, 453, 0.376159167, 452, -0.992741766, 453, -0.066752869
456, 1.024657939, 455, 0.395705827, 454, -0.994076823, 455, -0.047206209
458, 1.032960201, 457, 0.415113087, 456, -0.995020947, 457, -0.027798949
460, 1.041647509, 459, 0.434365421, 458, -0.995576926, 459, -0.008546615
462, 1.050716458, 461, 0.453447428, 460, -0.995747858, 461, 0.010535392
464, 1.060163335, 463, 0.472343842, 462, -0.995537150, 463, 0.029431806
466, 1.069984126, 465, 0.491039546, 464, -0.994948514, 465, 0.048127510
468, 1.080174518, 467, 0.509519583, 466, -0.993985964, 467, 0.066607547
470, 1.090729901, 469, 0.527769169, 468, -0.992653813, 469, 0.084857133
472, 1.101645375, 471, 0.545773704, 470, -0.990956670, 471, 0.102861668
474, 1.112915751, 473, 0.563518785, 472, -0.988899437, 473, 0.120606749
476, 1.124535555, 475, 0.580990216, 474, -0.986487302, 475, 0.138078180
478, 1.136499035, 477, 0.598174020, 476, -0.983725738, 477, 0.155261984
480, 1.148800164, 479, 0.615056449, 478, -0.980620498, 479, 0.172144413
482, 1.161432644, 481, 0.631623998, 480, -0.977177610, 481, 0.188711962
484, 1.174389912, 483, 0.647863413, 482, -0.973403371, 483, 0.204951377
486, 1.187665146, 485, 0.663761702, 484, -0.969304343, 485, 0.220849666
488, 1.201251269, 487, 0.679306146, 486, -0.964887350, 487, 0.236394110
490, 1.215140955, 489, 0.694484310, 488, -0.960159468, 489, 0.251572274
492, 1.229326636, 491, 0.709284051, 490, -0.955128023, 491, 0.266372015
494, 1.243800507, 493, 0.723693530, 492, -0.949800583, 493, 0.280781494
496, 1.258554531, 495, 0.737701219, 494, -0.944184953, 495, 0.294789183
498, 1.273580449, 497, 0.751295912, 496, -0.938289169, 497, 0.308383876
500, 1.288869784, 499, 0.764466733, 498, -0.932121491, 499, 0.321554697
502, 1.304413847, 501, 0.777203145, 500, -0.925690397, 501, 0.334291109
504, 1.320203746, 503, 0.789494960, 502, -0.919004575, 503, 0.346582924
506, 1.336230393, 505, 0.801332343, 504, -0.912072917, 505, 0.358420307
508, 1.352484509, 507, 0.812705825, 506, -0.904904511, 507, 0.369793789
510, 1.368956635, 509, 0.823606308, 508, -0.897508635, 509, 0.380694272
512, 1.385637136, 511, 0.834025070, 510, -0.889894750, 511, 0.391113034
514, 1.402516212, 513, 0.843953777, 512, -0.882072489, 513, 0.401041741
516, 1.419583902, 515, 0.853384486, 514, -0.874051654, 515, 0.410472450
518, 1.436830095, 517, 0.862309652, 516, -0.865842205, 517, 0.419397616
520, 1.454244538, 519, 0.870722135, 518, -0.857454253, 519, 0.427810099
522, 1.471816842, 521, 0.878615205, 520, -0.848898051, 521, 0.435703169
524, 1.489536493, 523, 0.885982548, 522, -0.840183988, 523, 0.443070512
526, 1.507392858, 525, 0.892818270, 524, -0.831322578, 525, 0.449906234
528, 1.525375196, 527, 0.899116902, 526, -0.822324453, 527, 0.456204866
530, 1.543472664, 529, 0.904873405, 528, -0.813200356, 529, 0.461961369
532, 1.561674327, 531, 0.910083174, 530, -0.803961129, 531, 0.467171138
534, 1.579969168, 533, 0.914742042, 532, -0.794617706, 533, 0.471830006
536, 1.598346094, 535, 0.918846281, 534, -0.785181106, 535, 0.475934245
538, 1.616793946, 537, 0.922392608, 536, -0.775662421, 537, 0.479480572
540, 1.635301510, 539, 0.925378185, 538, -0.766072810, 539, 0.482466149
542, 1.653857522, 541, 0.927800625, 540, -0.756423487, 541, 0.484888589
544, 1.672450682, 543, 0.929657989, 542, -0.746725715, 543, 0.486745953
546, 1.691069658, 545, 0.930948791, 544, -0.736990796, 545, 0.488036755
548, 1.709703098, 547, 0.931671999, 546, -0.727230061, 547, 0.488759963
550, 1.728339639, 549, 0.931827034, 548, -0.717454862, 549, 0.488914998
552, 1.746967914, 551, 0.931413772, 550, -0.707676562, 551, 0.488501736
554, 1.765576565, 553, 0.930432544, 552, -0.697906527, 553, 0.487520508
556, 1.784154248, 555, 0.928884135, 554, -0.688156117, 555, 0.485972099
558, 1.802689644, 557, 0.926769784, 556, -0.678436675, 557, 0.483857748
560, 1.821171468, 559, 0.924091182, 558, -0.668759520, 559, 0.481179146
562, 1.839588477, 561, 0.920850471, 560, -0.659135937, 561, 0.477938435
564, 1.857929482, 563, 0.917050245, 562, -0.649577168, 563, 0.474138209
566, 1.876183353, 565, 0.912693543, 564, -0.640094404, 565, 0.469781507
568, 1.894339030, 567, 0.907783851, 566, -0.630698774, 567, 0.464871815
570, 1.912385532, 569, 0.902325097, 568, -0.621401338, 569, 0.459413061
572, 1.930311965, 571, 0.896321648, 570, -0.612213077, 571, 0.453409612
574, 1.948107531, 573, 0.889778306, 572, -0.603144885, 573, 0.446866270
576, 1.965761537, 575, 0.882700307, 574, -0.594207560, 575, 0.439788271
578, 1.983263403, 577, 0.875093312, 576, -0.585411795, 577, 0.432181276
580, 2.000602671, 579, 0.866963407, 578, -0.576768169, 579, 0.424051371
582, 2.017769013, 581, 0.858317096, 580, -0.568287142, 581, 0.415405060
584, 2.034752239, 583, 0.849161297, 582, -0.559979041, 583, 0.406249261
586, 2.051542306, 585, 0.839503333, 584, -0.551854056, 585, 0.396591297
588, 2.068129325, 587, 0.829350931, 586, -0.543922230, 587, 0.386438895
590, 2.084503569, 589, 0.818712214, 588, -0.536193452, 589, 0.375800178
592, 2.100655483, 591, 0.807595692, 590, -0.528677448, 591, 0.364683656
594, 2.116575688, 593, 0.796010258, 592, -0.521383775, 593, 0.353098222
596, 2.132254992, 595, 0.783965180, 594, -0.514321811, 595, 0.341053144
598, 2.147684394, 597, 0.771470095, 596, -0.507500748, 597, 0.328558059
600, 2.162855094, 599, 0.758534999, 598, -0.500929587, 599, 0.315622963
602, 2.177758499, 601, 0.745170240, 600, -0.494617128, 601, 0.302258204
604, 2.192386229, 603, 0.731386509, 602, -0.488571964, 603, 0.288474473
606, 2.206730126, 605, 0.717194834, 604, -0.482802475, 605, 0.274282798
608, 2.220782257, 607, 0.702606568, 606, -0.477316819, 607, 0.259694532
610, 2.234534925, 609, 0.687633381, 608, -0.472122928, 609, 0.244721345
612, 2.247980670, 611, 0.672287253, 610, -0.467228501, 611, 0.229375217
614, 2.261112279, 613, 0.656580460, 612, -0.462640997, 613, 0.213668424
616, 2.273922790, 615, 0.640525567, 614, -0.458367629, 615, 0.197613531
618, 2.286405498, 617, 0.624135418, 616, -0.454415358, 617, 0.181223382
620, 2.298553961, 619, 0.607423126, 618, -0.450790890, 619, 0.164511090
622, 2.310362002, 621, 0.590402060, 620, -0.447500668, 621, 0.147490024
624, 2.321823719, 623, 0.573085837, 622, -0.444550868, 623, 0.130173801
626, 2.332933485, 625, 0.555488310, 624, -0.441947392, 625, 0.112576274
628, 2.343685956, 627, 0.537623558, 626, -0.439695867, 627, 0.094711522
630, 2.354076073, 629, 0.519505872, 628, -0.437801637, 629, 0.076593836
632, 2.364099068, 631, 0.501149746, 630, -0.436269760, 631, 0.058237710
634, 2.373750465, 633, 0.482569865, 632, -0.435105006, 633, 0.039657829
636, 2.383026087, 635, 0.463781093, 634, -0.434311849, 635, 0.020869057
638, 2.391922056, 637, 0.444798461, 636, -0.433894468, 637, 0.001886425
640, 2.400434799, 639, 0.425637155, 638, -0.433856740, 639, -0.017274881
642, 2.408561049, 641, 0.406312504, 640, -0.434202238, 641, -0.036599532
644, 2.416297848, 643, 0.386839968, 642, -0.434934229, 643, -0.056072068
646, 2.423642550, 645, 0.367235124, 644, -0.436055670, 645, -0.075676912
648, 2.430592823, 647, 0.347513657, 646, -0.437569208, 647, -0.095398379
650, 2.437146650, 649, 0.327691344, 648, -0.439477176, 649, -0.115220692
652, 2.443302331, 651, 0.307784043, 650, -0.441781590, 651, -0.135127993
654, 2.449058485, 653, 0.287807679, 652, -0.444484150, 653, -0.155104357
656, 2.454414050, 655, 0.267778234, 654, -0.447586237, 655, -0.175133802
658, 2.459368285, 657, 0.247711731, 656, -0.451088913, 657, -0.195200305
660, 2.463920769, 659, 0.227624224, 658, -0.454992919, 659, -0.215287812
662, 2.468071405, 661, 0.207531782, 660, -0.459298675, 661, -0.235380254
664, 2.471820415, 663, 0.187450480, 662, -0.464006280, 663, -0.255461556
666, 2.475168343, 665, 0.167396382, 664, -0.469115511, 665, -0.275515654
668, 2.478116054, 667, 0.147385532, 666, -0.474625824, 667, -0.295526504
670, 2.480664733, 669, 0.127433938, 668, -0.480536354, 669, -0.315478098
672, 2.482815884, 671, 0.107557562, 670, -0.486845916, 671, -0.335354474
674, 2.484571330, 673, 0.087772304, 672, -0.493553005, 673, -0.355139732
676, 2.485933210, 675, 0.068093993, 674, -0.500655800, 675, -0.374818043
678, 2.486903977, 677, 0.048538372, 676, -0.508152161, 677, -0.394373664
680, 2.487486399, 679, 0.029121085, 678, -0.516039634, 679, -0.413790951
682, 2.487683552, 681, 0.009857666, 680, -0.524315453, 681, -0.433054370
684, 2.487498823, 683, -0.009236474, 682, -0.532976540, 683, -0.452148510
686, 2.486935902, 685, -0.028146060, 684, -0.542019510, 685, -0.471058096
688, 2.485998783, 687, -0.046855965, 686, -0.551440672, 687, -0.489768001
690, 2.484691759, 689, -0.065351220, 688, -0.561236032, 689, -0.508263256
692, 2.483019418, 691, -0.083617029, 690, -0.571401297, 691, -0.526529065
694, 2.480986642, 693, -0.101638780, 692, -0.581931878, 693, -0.544550816
696, 2.478598601, 695, -0.119402055, 694, -0.592822894, 695, -0.562314091
698, 2.475860748, 697, -0.136892643, 696, -0.604069176, 697, -0.579804679
700, 2.472778817, 699, -0.154096553, 698, -0.615665270, 699, -0.597008589
702, 2.469358817, 701, -0.171000021, 700, -0.627605442, 701, -0.613912057
704, 2.465607027, 703, -0.187589524, 702, -0.639883683, 703, -0.630501560
706, 2.461529991, 705, -0.203851790, 704, -0.652493714, 705, -0.646763826
708, 2.457134515, 707, -0.219773810, 706, -0.665428991, 707, -0.662685846
710, 2.452427658, 709, -0.235342846, 708, -0.678682708, 709, -0.678254882
712, 2.447416729, 711, -0.250546443, 710, -0.692247806, 711, -0.693458479
714, 2.442109280, 713, -0.265372438, 712, -0.706116976, 713, -0.708284474
716, 2.436513101, 715, -0.279808970, 714, -0.720282665, 715, -0.722721006
718, 2.430636211, 717, -0.293844490, 716, -0.734737085, 717, -0.736756526
720, 2.424486856, 719, -0.307467770, 718, -0.749472216, 719, -0.750379806
722, 2.418073498, 721, -0.320667911, 720, -0.764479812, 721, -0.763579947
724, 2.411404811, 723, -0.333434353, 722, -0.779751411, 723, -0.776346389
726, 2.404489673, 725, -0.345756882, 724, -0.795278339, 725, -0.788668918
728, 2.397337160, 727, -0.357625641, 726, -0.811051717, 727, -0.800537677
730, 2.389956537, 729, -0.369031135, 728, -0.827062471, 729, -0.811943171
732, 2.382357252, 731, -0.379964239, 730, -0.843301334, 731, -0.822876275
734, 2.374548928, 733, -0.390416207, 732, -0.859758860, 733, -0.833328243
736, 2.366541354, 735, -0.400378677, 734, -0.876425425, 735, -0.843290713
738, 2.358344480, 737, -0.409843679, 736, -0.893291239, 737, -0.852755715
740, 2.349968407, 739, -0.418803642, 738, -0.910346353, 739, -0.861715678
742, 2.341423379, 741, -0.427251397, 740, -0.927580667, 741, -0.870163433
744, 2.332719775, 743, -0.435180186, 742, -0.944983936, 743, -0.878092222
746, 2.323868102, 745, -0.442583666, 744, -0.962545780, 745, -0.885495702
748, 2.314878984, 747, -0.449455914, 746, -0.980255694, 747, -0.892367950
750, 2.305763155, 749, -0.455791433, 748, -0.998103053, 749, -0.898703469
752, 2.296531452, 751, -0.461585154, 750, -1.016077122, 751, -0.904497190
754, 2.287194803, 753, -0.466832442, 752, -1.034167066, 753, -0.909744478
756, 2.277764221, 755, -0.471529099, 754, -1.052361956, 755, -0.914441135
758, 2.268250794, 757, -0.475671368, 756, -1.070650779, 757, -0.918583404
760, 2.258665675, 759, -0.479255935, 758, -1.089022447, 759, -0.922167971
762, 2.249020076, 761, -0.482279932, 760, -1.107465806, 761, -0.925191968
764, 2.239325257, 763, -0.484740941, 762, -1.125969645, 763, -0.927652977
766, 2.229592517, 765, -0.486636992, 764, -1.144522705, 765, -0.929549028
768, 2.219833186, 767, -0.487966569, 766, -1.163113686, 767, -0.930878605
770, 2.210058614, 769, -0.488728608, 768, -1.181731258, 769, -0.931640644
772, 2.200280164, 771, -0.488922499, 770, -1.200364071, 771, -0.931834535
774, 2.190509202, 773, -0.488548087, 772, -1.219000762, 773, -0.931460123
776, 2.180757089, 775, -0.487605672, 774, -1.237629964, 775, -0.930517708
778, 2.171035169, 777, -0.486096007, 776, -1.256240318, 777, -0.929008043
780, 2.161354763, 779, -0.484020301, 778, -1.274820479, 779, -0.926932337
782, 2.151727159, 781, -0.481380214, 780, -1.293359126, 781, -0.924292250
784, 2.142163602, 783, -0.478177858, 782, -1.311844971, 783, -0.921089894
786, 2.132675286, 785, -0.474415795, 784, -1.330266769, 785, -0.917327831
788, 2.123273345, 787, -0.470097034, 786, -1.348613326, 787, -0.913009070
790, 2.113968844, 789, -0.465225031, 788, -1.366873507, 789, -0.908137067
792, 2.104772770, 791, -0.459803683, 790, -1.385036248, 791, -0.902715719
794, 2.095696023, 793, -0.453837327, 792, -1.403090562, 793, -0.896749363
796, 2.086749408, 795, -0.447330736, 794, -1.421025549, 795, -0.890242772
798, 2.077943626, 797, -0.440289116, 796, -1.438830404, 797, -0.883201152
800, 2.069289264, 799, -0.432718100, 798, -1.456494427, 799, -0.875630136
802, 2.060796789, 801, -0.424623745, 800, -1.474007030, 801, -0.867535781
804, 2.052476538, 803, -0.416012526, 802, -1.491357746, 803, -0.858924562
806, 2.044338711, 805, -0.406891332, 804, -1.508536237, 805, -0.849803368
808, 2.036393362, 807, -0.397267460, 806, -1.525532304, 807, -0.840179496
810, 2.028650390, 809, -0.387148609, 808, -1.542335894, 809, -0.830060645
812, 2.021119532, 811, -0.376542875, 810, -1.558937107, 811, -0.819454911
814, 2.013810357, 813, -0.365458742, 812, -1.575326205, 813, -0.808370778
816, 2.006732255, 815, -0.353905077, 814, -1.591493621, 815, -0.796817113
818, 1.999894433, 817, -0.341891123, 816, -1.607429963, 817, -0.784803159
820, 1.993305903, 819, -0.329426491, 818, -1.623126026, 819, -0.772338527
822, 1.986975480, 821, -0.316521153, 820, -1.638572797, 821, -0.759433189
824, 1.980911771, 823, -0.303185433, 822, -1.653761461, 823, -0.746097469
826, 1.975123171, 825, -0.289430000, 824, -1.668683410, 825, -0.732342036
828, 1.969617854, 827, -0.275265858, 826, -1.683330251, 827, -0.718177894
830, 1.964403767, 829, -0.260704339, 828, -1.697693809, 829, -0.703616375
832, 1.959488625, 831, -0.245757092, 830, -1.711766137, 831, -0.688669128
834, 1.954879904, 833, -0.230436074, 832, -1.725539520, 833, -0.673348110
836, 1.950584833, 835, -0.214753542, 834, -1.739006482, 835, -0.657665578
838, 1.946610392, 837, -0.198722043, 836, -1.752159794, 837, -0.641634079
840, 1.942963304, 839, -0.182354401, 838, -1.764992476, 839, -0.625266437
842, 1.939650030, 841, -0.165663711, 840, -1.777497805, 841, -0.608575747
844, 1.936676764, 843, -0.148663325, 842, -1.789669320, 843, -0.591575361
846, 1.934049427, 845, -0.131366844, 844, -1.801500827, 845, -0.574278880
848, 1.931773665, 847, -0.113788104, 846, -1.812986405, 847, -0.556700140
850, 1.929854842, 849, -0.095941169, 848, -1.824120408, 849, -0.538853205
852, 1.928298036, 851, -0.077840316, 850, -1.834897472, 851, -0.520752352
854, 1.927108035, 853, -0.059500026, 852, -1.845312519, 853, -0.502412062
856, 1.926289336, 855, -0.040934972, 854, -1.855360760, 855, -0.483847008
858, 1.925846136, 857, -0.022160005, 856, -1.865037700, 857, -0.465072041
860, 1.925782333, 859, -0.003190145, 858, -1.874339141, 859, -0.446102181
862, 1.926101522, 861, 0.015959432, 860, -1.883261185, 861, -0.426952604
864, 1.926806990, 863, 0.035273406, 862, -1.891800237, 863, -0.407638630
866, 1.927901717, 865, 0.054736326, 864, -1.899953010, 865, -0.388175710
868, 1.929388369, 867, 0.074332622, 866, -1.907716524, 867, -0.368579414
870, 1.931269301, 869, 0.094046617, 868, -1.915088112, 869, -0.348865419
872, 1.933546552, 871, 0.113862539, 870, -1.922065420, 871, -0.329049497
874, 1.936221843, 873, 0.133764536, 872, -1.928646410, 873, -0.309147500
876, 1.939296577, 875, 0.153736686, 874, -1.934829360, 875, -0.289175350
878, 1.942771837, 877, 0.173763012, 876, -1.940612867, 877, -0.269149024
880, 1.946648387, 879, 0.193827492, 878, -1.945995847, 879, -0.249084544
882, 1.950926669, 881, 0.213914075, 880, -1.950977538, 881, -0.228997961
884, 1.955606803, 883, 0.234006692, 882, -1.955557497, 883, -0.208905344
886, 1.960688588, 885, 0.254089268, 884, -1.959735604, 885, -0.188822768
888, 1.966171503, 887, 0.274145737, 886, -1.963512059, 887, -0.168766299
890, 1.972054704, 889, 0.294160055, 888, -1.966887385, 889, -0.148751981
892, 1.978337028, 891, 0.314116209, 890, -1.969862425, 891, -0.128795827
894, 1.985016993, 893, 0.333998235, 892, -1.972438342, 893, -0.108913801
896, 1.992092798, 895, 0.353790227, 894, -1.974616618, 895, -0.089121809
898, 1.999562325, 897, 0.373476352, 896, -1.976399054, 897, -0.069435684
900, 2.007423142, 899, 0.393040861, 898, -1.977787768, 899, -0.049871175
902, 2.015672504, 901, 0.412468102, 900, -1.978785192, 901, -0.030443934
904, 2.024307355, 903, 0.431742533, 902, -1.979394071, 903, -0.011169503
906, 2.033324330, 905, 0.450848735, 904, -1.979617461, 905, 0.007936699
908, 2.042719758, 907, 0.469771423, 906, -1.979458727, 907, 0.026859387
910, 2.052489667, 909, 0.488495459, 908, -1.978921539, 909, 0.045583423
912, 2.062629784, 911, 0.507005863, 910, -1.978009871, 911, 0.064093827
914, 2.073135541, 913, 0.525287827, 912, -1.976727994, 913, 0.082375791
916, 2.084002076, 915, 0.543326726, 914, -1.975080478, 915, 0.100414690
918, 2.095224239, 917, 0.561108128, 916, -1.973072184, 917, 0.118196092
920, 2.106796595, 919, 0.578617808, 918, -1.970708262, 919, 0.135705772
922, 2.118713430, 921, 0.595841759, 920, -1.967994147, 921, 0.152929723
924, 2.130968754, 923, 0.612766201, 922, -1.964935553, 923, 0.169854165
926, 2.143556306, 925, 0.629377595, 924, -1.961538470, 925, 0.186465559
928, 2.156469559, 927, 0.645662652, 926, -1.957809159, 927, 0.202750616
930, 2.169701726, 929, 0.661608344, 928, -1.953754147, 929, 0.218696308
932, 2.183245764, 931, 0.677201914, 930, -1.949380221, 931, 0.234289878
934, 2.197094382, 933, 0.692430887, 932, -1.944694423, 933, 0.249518851
936, 2.211240044, 935, 0.707283080, 934, -1.939704046, 935, 0.264371044
938, 2.225674976, 937, 0.721746612, 936, -1.934416625, 937, 0.278834576
940, 2.240391174, 939, 0.735809911, 938, -1.928839933, 939, 0.292897875
942, 2.255380409, 941, 0.749461727, 940, -1.922981975, 941, 0.306549691
944, 2.270634232, 943, 0.762691138, 942, -1.916850981, 943, 0.319779102
946, 2.286143983, 945, 0.775487561, 944, -1.910455399, 945, 0.332575525
948, 2.301900798, 947, 0.787840759, 946, -1.903803889, 947, 0.344928723
950, 2.317895615, 949, 0.799740849, 948, -1.896905315, 949, 0.356828813
952, 2.334119181, 951, 0.811178311, 950, -1.889768739, 951, 0.368266275
954, 2.350562061, 953, 0.822143996, 952, -1.882403413, 953, 0.379231960
956, 2.367214644, 955, 0.832629130, 954, -1.874818774, 955, 0.389717094
958, 2.384067151, 957, 0.842625326, 956, -1.867024432, 957, 0.399713290
960, 2.401109643, 959, 0.852124586, 958, -1.859030166, 959, 0.409212550
962, 2.418332029, 961, 0.861119311, 960, -1.850845915, 961, 0.418207275
964, 2.435724075, 963, 0.869602306, 962, -1.842481769, 963, 0.426690270
966, 2.453275411, 965, 0.877566784, 964, -1.833947964, 965, 0.434654748
968, 2.470975538, 967, 0.885006373, 966, -1.825254869, 967, 0.442094337
970, 2.488813840, 969, 0.891915122, 968, -1.816412982, 969, 0.449003086
972, 2.506779590, 971, 0.898287504, 970, -1.807432920, 971, 0.455375468
974, 2.524861958, 973, 0.904118420, 972, -1.798325411, 973, 0.461206384
976, 2.543050022, 975, 0.909403206, 974, -1.789101283, 975, 0.466491170
978, 2.561332775, 977, 0.914137635, 976, -1.779771460, 977, 0.471225599
980, 2.579699133, 979, 0.918317918, 978, -1.770346948, 979, 0.475405882
982, 2.598137947, 981, 0.921940712, 980, -1.760838830, 981, 0.479028676
984, 2.616638009, 983, 0.925003118, 982, -1.751258256, 983, 0.482091082
986, 2.635188063, 985, 0.927502686, 984, -1.741616434, 985, 0.484590650
988, 2.653776811, 987, 0.929437417, 986, -1.731924621, 987, 0.486525381
990, 2.672392926, 989, 0.930805763, 988, -1.722194113, 989, 0.487893727
992, 2.691025059, 991, 0.931606629, 990, -1.712436238, 991, 0.488694593
994, 2.709661847, 993, 0.931839375, 992, -1.702662346, 993, 0.488927339
996, 2.728291923, 995, 0.931503814, 994, -1.692883799, 995, 0.488591778
998, 2.746903927, 997, 0.930600215, 996, -1.683111963, 997, 0.487688179
1000, 2.765486513, 999, 0.929129300, 998, -1.673358199, 999, 0.486217264
