in.qt, in.q, in.pt, in.p, out.qt, out.q, out.pt, out.q
0, 0.000000000, 1, 1.000000000, 0, 0.000000000, 1, 1.000000000
2, 0.020000000, 1, 1.000000000, 2, 0.020000000, 1, 1.000000000
4, 0.040384000, 3, 1.019200000, 2, 0.020000000, 3, 1.019200000
6, 0.061135693, 5, 1.037584640, 4, 0.040384000, 5, 1.037584640
8, 0.082238477, 7, 1.055139212, 6, 0.061135693, 7, 1.055139212
10, 0.103675470, 9, 1.071849673, 8, 0.082238477, 9, 1.071849673
12, 0.125429523, 11, 1.087702654, 10, 0.103675470, 11, 1.087702654
14, 0.147483232, 13, 1.102685473, 12, 0.125429523, 13, 1.102685473
16, 0.169818955, 15, 1.116786144, 14, 0.147483232, 15, 1.116786144
18, 0.192418823, 17, 1.129993386, 16, 0.169818955, 17, 1.129993386
20, 0.215264756, 19, 1.142296633, 18, 0.192418823, 19, 1.142296633
22, 0.238338477, 21, 1.153686043, 20, 0.215264756, 21, 1.153686043
24, 0.261621527, 23, 1.164152504, 22, 0.238338477, 23, 1.164152504
26, 0.285095280, 25, 1.173687643, 24, 0.261621527, 25, 1.173687643
28, 0.308740957, 27, 1.182283832, 26, 0.285095280, 27, 1.182283832
30, 0.332539641, 29, 1.189934194, 28, 0.308740957, 29, 1.189934194
32, 0.356472293, 31, 1.196632608, 30, 0.332539641, 31, 1.196632608
34, 0.380519767, 33, 1.202373716, 32, 0.356472293, 33, 1.202373716
36, 0.404662825, 35, 1.207152925, 34, 0.380519767, 35, 1.207152925
38, 0.428882153, 37, 1.210966412, 36, 0.404662825, 37, 1.210966412
40, 0.453158376, 39, 1.213811126, 38, 0.428882153, 39, 1.213811126
42, 0.477472072, 41, 1.215684791, 40, 0.453158376, 41, 1.215684791
44, 0.501803790, 43, 1.216585908, 42, 0.477472072, 43, 1.216585908
46, 0.526134065, 45, 1.216513756, 44, 0.501803790, 45, 1.216513756
48, 0.550443433, 47, 1.215468393, 46, 0.526134065, 47, 1.215468393
50, 0.574712446, 49, 1.213450656, 48, 0.550443433, 49, 1.213450656
52, 0.598921689, 51, 1.210462158, 50, 0.574712446, 51, 1.210462158
54, 0.623051795, 53, 1.206505290, 52, 0.598921689, 53, 1.206505290
56, 0.647083459, 55, 1.201583218, 54, 0.623051795, 55, 1.201583218
58, 0.670997457, 57, 1.195699880, 56, 0.647083459, 57, 1.195699880
60, 0.694774657, 59, 1.188859982, 58, 0.670997457, 59, 1.188859982
62, 0.718396037, 61, 1.181068996, 60, 0.694774657, 61, 1.181068996
64, 0.741842700, 63, 1.172333155, 62, 0.718396037, 63, 1.172333155
66, 0.765095889, 65, 1.162659447, 64, 0.741842700, 65, 1.162659447
68, 0.788137001, 67, 1.152055611, 66, 0.765095889, 67, 1.152055611
70, 0.810947604, 69, 1.140530131, 68, 0.788137001, 69, 1.140530131
72, 0.833509449, 71, 1.128092227, 70, 0.810947604, 71, 1.128092227
74, 0.855804486, 73, 1.114751849, 72, 0.833509449, 73, 1.114751849
76, 0.877814879, 75, 1.100519670, 74, 0.855804486, 75, 1.100519670
78, 0.899523021, 77, 1.085407075, 76, 0.877814879, 77, 1.085407075
80, 0.920911544, 79, 1.069426154, 78, 0.899523021, 79, 1.069426154
82, 0.941963338, 81, 1.052589692, 80, 0.920911544, 81, 1.052589692
84, 0.962661561, 83, 1.034911158, 82, 0.941963338, 83, 1.034911158
86, 0.982989655, 85, 1.016404696, 84, 0.962661561, 85, 1.016404696
88, 1.002931357, 87, 0.997085110, 86, 0.982989655, 87, 0.997085110
90, 1.022470714, 89, 0.976967856, 88, 1.002931357, 89, 0.976967856
92, 1.041592095, 91, 0.956069027, 90, 1.022470714, 91, 0.956069027
94, 1.060280202, 93, 0.934405343, 92, 1.041592095, 93, 0.934405343
96, 1.078520085, 95, 0.911994135, 94, 1.060280202, 95, 0.911994135
98, 1.096297152, 97, 0.888853332, 96, 1.078520085, 97, 0.888853332
100, 1.113597181, 99, 0.865001446, 98, 1.096297152, 99, 0.865001446
102, 1.130406332, 101, 0.840457559, 100, 1.113597181, 101, 0.840457559
104, 1.146711158, 103, 0.815241306, 102, 1.130406332, 103, 0.815241306
106, 1.162498615, 105, 0.789372860, 104, 1.146711158, 105, 0.789372860
108, 1.177756073, 107, 0.762872915, 106, 1.162498615, 107, 0.762872915
110, 1.192471326, 109, 0.735762672, 108, 1.177756073, 109, 0.735762672
112, 1.206632602, 111, 0.708063819, 110, 1.192471326, 111, 0.708063819
114, 1.220228572, 113, 0.679798515, 112, 1.206632602, 113, 0.679798515
116, 1.233248359, 115, 0.650989372, 114, 1.220228572, 115, 0.650989372
118, 1.245681548, 117, 0.621659438, 116, 1.233248359, 117, 0.621659438
120, 1.257518192, 119, 0.591832176, 118, 1.245681548, 119, 0.591832176
122, 1.268748821, 121, 0.561531448, 120, 1.257518192, 121, 0.561531448
124, 1.279364451, 123, 0.530781495, 122, 1.268748821, 123, 0.530781495
126, 1.289356589, 125, 0.499606917, 124, 1.279364451, 125, 0.499606917
128, 1.298717242, 127, 0.468032653, 126, 1.289356589, 127, 0.468032653
130, 1.307438921, 129, 0.436083963, 128, 1.298717242, 129, 0.436083963
132, 1.315514649, 131, 0.403786406, 130, 1.307438921, 131, 0.403786406
134, 1.322937965, 133, 0.371165820, 132, 1.315514649, 133, 0.371165820
136, 1.329702931, 135, 0.338248301, 134, 1.322937965, 135, 0.338248301
138, 1.335804135, 137, 0.305060184, 136, 1.329702931, 137, 0.305060184
140, 1.341236695, 139, 0.271628019, 138, 1.335804135, 139, 0.271628019
142, 1.345996266, 141, 0.237978551, 140, 1.341236695, 141, 0.237978551
144, 1.350079040, 143, 0.204138700, 142, 1.345996266, 143, 0.204138700
146, 1.353481751, 145, 0.170135538, 144, 1.350079040, 145, 0.170135538
148, 1.356201676, 147, 0.135996268, 146, 1.353481751, 147, 0.135996268
150, 1.358236640, 149, 0.101748201, 148, 1.356201676, 149, 0.101748201
152, 1.359585015, 151, 0.067418735, 150, 1.358236640, 151, 0.067418735
154, 1.360245722, 153, 0.033035334, 152, 1.359585015, 153, 0.033035334
156, 1.360218232, 155, -0.001374495, 154, 1.360245722, 155, -0.001374495
158, 1.359502568, 157, -0.035783224, 156, 1.360218232, 157, -0.035783224
160, 1.358099301, 159, -0.070163327, 158, 1.359502568, 159, -0.070163327
162, 1.356009555, 161, -0.104487299, 160, 1.358099301, 161, -0.104487299
164, 1.353235001, 163, -0.138727681, 162, 1.356009555, 163, -0.138727681
166, 1.349777859, 165, -0.172857081, 164, 1.353235001, 165, -0.172857081
168, 1.345640895, 167, -0.206848195, 166, 1.349777859, 167, -0.206848195
170, 1.340827418, 169, -0.240673831, 168, 1.345640895, 169, -0.240673831
172, 1.335341279, 171, -0.274306928, 170, 1.340827418, 171, -0.274306928
174, 1.329186867, 173, -0.307720579, 172, 1.335341279, 173, -0.307720579
176, 1.322369106, 175, -0.340888054, 174, 1.329186867, 175, -0.340888054
178, 1.314893450, 177, -0.373782818, 176, 1.322369106, 177, -0.373782818
180, 1.306765879, 179, -0.406378556, 178, 1.314893450, 179, -0.406378556
182, 1.297992895, 181, -0.438649191, 180, 1.306765879, 181, -0.438649191
184, 1.288581517, 183, -0.470568907, 182, 1.297992895, 183, -0.470568907
186, 1.278539274, 185, -0.502112168, 184, 1.288581517, 185, -0.502112168
188, 1.267874199, 187, -0.533253739, 186, 1.278539274, 187, -0.533253739
190, 1.256594825, 189, -0.563968707, 188, 1.267874199, 189, -0.563968707
192, 1.244710175, 191, -0.594232500, 190, 1.256594825, 191, -0.594232500
194, 1.232229757, 193, -0.624020907, 192, 1.244710175, 193, -0.624020907
196, 1.219163555, 195, -0.653310097, 194, 1.232229757, 195, -0.653310097
198, 1.205522022, 197, -0.682076639, 196, 1.219163555, 197, -0.682076639
200, 1.191316072, 199, -0.710297520, 198, 1.205522022, 199, -0.710297520
202, 1.176557069, 201, -0.737950163, 200, 1.191316072, 201, -0.737950163
204, 1.161256820, 203, -0.765012446, 202, 1.176557069, 203, -0.765012446
206, 1.145427566, 205, -0.791462719, 204, 1.161256820, 205, -0.791462719
208, 1.129081970, 207, -0.817279822, 206, 1.145427566, 207, -0.817279822
210, 1.112233108, 209, -0.842443101, 208, 1.129081970, 209, -0.842443101
212, 1.094894460, 211, -0.866932425, 210, 1.112233108, 211, -0.866932425
214, 1.077079896, 213, -0.890728203, 212, 1.094894460, 213, -0.890728203
216, 1.058803668, 215, -0.913811399, 214, 1.077079896, 215, -0.913811399
218, 1.040080397, 217, -0.936163546, 216, 1.058803668, 217, -0.936163546
220, 1.020925062, 219, -0.957766762, 218, 1.040080397, 219, -0.957766762
222, 1.001352987, 221, -0.978603764, 220, 1.020925062, 221, -0.978603764
224, 0.981379829, 223, -0.998657883, 222, 1.001352987, 223, -0.998657883
226, 0.961021567, 225, -1.017913076, 224, 0.981379829, 225, -1.017913076
228, 0.940294488, 227, -1.036353939, 226, 0.961021567, 227, -1.036353939
230, 0.919215174, 229, -1.053965719, 228, 0.940294488, 229, -1.053965719
232, 0.897800487, 231, -1.070734326, 230, 0.919215174, 231, -1.070734326
234, 0.876067560, 233, -1.086646345, 232, 0.897800487, 233, -1.086646345
236, 0.854033779, 235, -1.101689047, 234, 0.876067560, 235, -1.101689047
238, 0.831716771, 237, -1.115850398, 236, 0.854033779, 237, -1.115850398
240, 0.809134390, 239, -1.129119069, 238, 0.831716771, 239, -1.129119069
242, 0.786304701, 241, -1.141484445, 240, 0.809134390, 241, -1.141484445
244, 0.763245968, 243, -1.152936633, 242, 0.786304701, 243, -1.152936633
246, 0.739976639, 245, -1.163466472, 244, 0.763245968, 245, -1.163466472
248, 0.716515328, 247, -1.173065538, 246, 0.739976639, 247, -1.173065538
250, 0.692880805, 249, -1.181726151, 248, 0.716515328, 249, -1.181726151
252, 0.669091977, 251, -1.189441383, 250, 0.692880805, 251, -1.189441383
254, 0.645167876, 253, -1.196205062, 252, 0.669091977, 253, -1.196205062
256, 0.621127640, 255, -1.202011777, 254, 0.645167876, 255, -1.202011777
258, 0.596990502, 257, -1.206856883, 256, 0.621127640, 257, -1.206856883
260, 0.572775772, 259, -1.210736503, 258, 0.596990502, 259, -1.210736503
262, 0.548502821, 261, -1.213647534, 260, 0.572775772, 261, -1.213647534
264, 0.524191068, 263, -1.215587647, 262, 0.548502821, 263, -1.215587647
266, 0.499859962, 265, -1.216555290, 264, 0.524191068, 265, -1.216555290
268, 0.475528968, 267, -1.216549688, 266, 0.499859962, 267, -1.216549688
270, 0.451217551, 269, -1.215570847, 268, 0.475528968, 269, -1.215570847
272, 0.426945160, 271, -1.213619549, 270, 0.451217551, 271, -1.213619549
274, 0.402731213, 273, -1.210697355, 272, 0.426945160, 273, -1.210697355
276, 0.378595081, 275, -1.206806604, 274, 0.402731213, 275, -1.206806604
278, 0.354556073, 277, -1.201950407, 276, 0.378595081, 277, -1.201950407
280, 0.330633420, 279, -1.196132650, 278, 0.354556073, 279, -1.196132650
282, 0.306846260, 281, -1.189357987, 280, 0.330633420, 281, -1.189357987
284, 0.283213623, 283, -1.181631837, 282, 0.306846260, 283, -1.181631837
286, 0.259754415, 285, -1.172960382, 284, 0.283213623, 285, -1.172960382
288, 0.236487404, 287, -1.163350559, 286, 0.259754415, 287, -1.163350559
290, 0.213431203, 289, -1.152810055, 288, 0.236487404, 289, -1.152810055
292, 0.190604257, 291, -1.141347303, 290, 0.213431203, 291, -1.141347303
294, 0.168024828, 293, -1.128971473, 292, 0.190604257, 293, -1.128971473
296, 0.145710979, 295, -1.115692466, 294, 0.168024828, 295, -1.115692466
298, 0.123680561, 297, -1.101520905, 296, 0.145710979, 297, -1.101520905
300, 0.101951198, 299, -1.086468127, 298, 0.123680561, 299, -1.086468127
302, 0.080540274, 301, -1.070546175, 300, 0.101951198, 301, -1.070546175
304, 0.059464918, 303, -1.053767786, 302, 0.080540274, 303, -1.053767786
306, 0.038741990, 305, -1.036146383, 304, 0.059464918, 305, -1.036146383
308, 0.018388069, 307, -1.017696063, 306, 0.038741990, 307, -1.017696063
310, -0.001580563, 309, -0.998431586, 308, 0.018388069, 309, -0.998431586
312, -0.021147930, 311, -0.978368363, 310, -0.001580563, 311, -0.978368363
314, -0.040298379, 313, -0.957522446, 312, -0.021147930, 313, -0.957522446
316, -0.059016589, 315, -0.935910511, 314, -0.040298379, 315, -0.935910511
318, -0.077287586, 317, -0.913549847, 316, -0.059016589, 317, -0.913549847
320, -0.095096753, 319, -0.890458344, 318, -0.077287586, 319, -0.890458344
322, -0.112429842, 321, -0.866654474, 320, -0.095096753, 321, -0.866654474
324, -0.129272988, 323, -0.842157280, 322, -0.112429842, 323, -0.842157280
326, -0.145612715, 325, -0.816986360, 324, -0.129272988, 325, -0.816986360
328, -0.161435952, 327, -0.791161851, 326, -0.145612715, 327, -0.791161851
330, -0.176730040, 329, -0.764704413, 328, -0.161435952, 329, -0.764704413
332, -0.191482744, 331, -0.737635211, 330, -0.176730040, 331, -0.737635211
334, -0.205682262, 333, -0.709975901, 332, -0.191482744, 333, -0.709975901
336, -0.219317234, 335, -0.681748611, 334, -0.205682262, 335, -0.681748611
338, -0.232376752, 337, -0.652975922, 336, -0.219317234, 337, -0.652975922
340, -0.244850369, 339, -0.623680852, 338, -0.232376752, 339, -0.623680852
342, -0.256728106, 341, -0.593886837, 340, -0.244850369, 341, -0.593886837
344, -0.268000460, 343, -0.563617713, 342, -0.256728106, 343, -0.563617713
346, -0.278658414, 345, -0.532897695, 344, -0.268000460, 345, -0.532897695
348, -0.288693441, 347, -0.501751358, 346, -0.278658414, 347, -0.501751358
350, -0.298097513, 349, -0.470203620, 348, -0.288693441, 349, -0.470203620
352, -0.306863107, 351, -0.438279719, 350, -0.298097513, 351, -0.438279719
354, -0.314983211, 353, -0.406005195, 352, -0.306863107, 353, -0.406005195
356, -0.322451328, 355, -0.373405867, 354, -0.314983211, 355, -0.373405867
358, -0.329261484, 357, -0.340507814, 356, -0.322451328, 357, -0.340507814
360, -0.335408231, 359, -0.307337355, 358, -0.329261484, 359, -0.307337355
362, -0.340886652, 361, -0.273921026, 360, -0.335408231, 361, -0.273921026
364, -0.345692363, 363, -0.240285560, 362, -0.340886652, 363, -0.240285560
366, -0.349821520, 365, -0.206457865, 364, -0.345692363, 365, -0.206457865
368, -0.353270820, 367, -0.172465004, 366, -0.349821520, 367, -0.172465004
370, -0.356037503, 369, -0.138334171, 368, -0.353270820, 369, -0.138334171
372, -0.358119356, 371, -0.104092671, 370, -0.356037503, 371, -0.104092671
374, -0.359514714, 373, -0.069767897, 372, -0.358119356, 373, -0.069767897
376, -0.360222460, 375, -0.035387308, 374, -0.359514714, 375, -0.035387308
378, -0.360242028, 377, -0.000978410, 376, -0.360222460, 377, -0.000978410
380, -0.359573403, 379, 0.033431271, 378, -0.360242028, 379, 0.033431271
382, -0.358217119, 381, 0.067814207, 380, -0.359573403, 381, 0.067814207
384, -0.356174261, 383, 0.102142892, 382, -0.358217119, 383, 0.102142892
386, -0.353446464, 385, 0.136389862, 384, -0.356174261, 385, 0.136389862
388, -0.350035910, 387, 0.170527721, 386, -0.353446464, 387, 0.170527721
390, -0.345945327, 389, 0.204529157, 388, -0.350035910, 389, 0.204529157
392, -0.341177988, 391, 0.238366970, 390, -0.345945327, 391, 0.238366970
394, -0.335737706, 393, 0.272014090, 392, -0.341177988, 393, 0.272014090
396, -0.329628834, 395, 0.305443598, 394, -0.335737706, 395, 0.305443598
398, -0.322856259, 397, 0.338628751, 396, -0.329628834, 397, 0.338628751
400, -0.315425399, 399, 0.371543001, 398, -0.322856259, 399, 0.371543001
402, -0.307342199, 401, 0.404160017, 400, -0.315425399, 401, 0.404160017
404, -0.298613125, 403, 0.436453705, 402, -0.307342199, 403, 0.436453705
406, -0.289245160, 405, 0.468398230, 404, -0.298613125, 405, 0.468398230
408, -0.279245799, 407, 0.499968036, 406, -0.289245160, 407, 0.499968036
410, -0.268623042, 409, 0.531137868, 408, -0.279245799, 409, 0.531137868
412, -0.257385386, 411, 0.561882790, 410, -0.268623042, 411, 0.561882790
414, -0.245541822, 413, 0.592178205, 412, -0.257385386, 413, 0.592178205
416, -0.233101824, 415, 0.621999878, 414, -0.245541822, 415, 0.621999878
418, -0.220075345, 417, 0.651323951, 416, -0.233101824, 417, 0.651323951
420, -0.206472806, 419, 0.680126965, 418, -0.220075345, 419, 0.680126965
422, -0.192305088, 421, 0.708385877, 420, -0.206472806, 421, 0.708385877
424, -0.177583526, 423, 0.736078081, 422, -0.192305088, 423, 0.736078081
426, -0.162319898, 425, 0.763181422, 424, -0.177583526, 425, 0.763181422
428, -0.146526414, 427, 0.789674218, 426, -0.162319898, 427, 0.789674218
430, -0.130215708, 429, 0.815535275, 428, -0.146526414, 429, 0.815535275
432, -0.113400830, 431, 0.840743903, 430, -0.130215708, 431, 0.840743903
434, -0.096095231, 433, 0.865279936, 432, -0.113400830, 433, 0.865279936
436, -0.078312756, 435, 0.889123745, 434, -0.096095231, 435, 0.889123745
438, -0.060067631, 437, 0.912256255, 436, -0.078312756, 437, 0.912256255
440, -0.041374452, 439, 0.934658960, 438, -0.060067631, 439, 0.934658960
442, -0.022248173, 441, 0.956313938, 440, -0.041374452, 441, 0.956313938
444, -0.002704096, 443, 0.977203865, 442, -0.022248173, 443, 0.977203865
446, 0.017242145, 445, 0.997312029, 444, -0.002704096, 445, 0.997312029
448, 0.037574592, 447, 1.016622343, 446, 0.017242145, 447, 1.016622343
450, 0.058276979, 449, 1.035119359, 448, 0.037574592, 449, 1.035119359
452, 0.079332745, 451, 1.052788280, 450, 0.058276979, 451, 1.052788280
454, 0.100725044, 453, 1.069614970, 452, 0.079332745, 453, 1.069614970
456, 0.122436763, 455, 1.085585968, 454, 0.100725044, 455, 1.085585968
458, 0.144450533, 457, 1.100688497, 456, 0.122436763, 457, 1.100688497
460, 0.166748743, 459, 1.114910476, 458, 0.144450533, 459, 1.114910476
462, 0.189313554, 461, 1.128240526, 460, 0.166748743, 461, 1.128240526
464, 0.212126914, 463, 1.140667984, 462, 0.189313554, 463, 1.140667984
466, 0.235170572, 465, 1.152182907, 464, 0.212126914, 465, 1.152182907
468, 0.258426094, 467, 1.162776084, 466, 0.235170572, 467, 1.162776084
470, 0.281874875, 469, 1.172439040, 468, 0.258426094, 469, 1.172439040
472, 0.305498156, 471, 1.181164045, 470, 0.281874875, 471, 1.181164045
474, 0.329277038, 473, 1.188944119, 472, 0.305498156, 473, 1.188944119
476, 0.353192499, 475, 1.195773037, 474, 0.329277038, 475, 1.195773037
478, 0.377225406, 477, 1.201645337, 476, 0.353192499, 477, 1.201645337
480, 0.401356532, 479, 1.206556321, 478, 0.377225406, 479, 1.206556321
482, 0.425566573, 481, 1.210502060, 480, 0.401356532, 481, 1.210502060
484, 0.449836161, 483, 1.213479397, 482, 0.425566573, 483, 1.213479397
486, 0.474145880, 485, 1.215485951, 484, 0.449836161, 485, 1.215485951
488, 0.498476282, 487, 1.216520116, 486, 0.474145880, 487, 1.216520116
490, 0.522807903, 489, 1.216581065, 488, 0.498476282, 489, 1.216581065
492, 0.547121278, 491, 1.215668749, 490, 0.522807903, 491, 1.215668749
494, 0.571396956, 493, 1.213783898, 492, 0.547121278, 493, 1.213783898
496, 0.595615516, 495, 1.210928020, 494, 0.571396956, 495, 1.210928020
498, 0.619757584, 497, 1.207103399, 496, 0.595615516, 497, 1.207103399
500, 0.643803846, 499, 1.202313096, 498, 0.619757584, 499, 1.202313096
502, 0.667735065, 501, 1.196560942, 500, 0.643803846, 501, 1.196560942
504, 0.691532096, 503, 1.189851539, 502, 0.667735065, 503, 1.189851539
506, 0.715175901, 505, 1.182190255, 504, 0.691532096, 505, 1.182190255
508, 0.738647565, 507, 1.173583219, 506, 0.715175901, 507, 1.173583219
510, 0.761928311, 509, 1.164037316, 508, 0.738647565, 509, 1.164037316
512, 0.784999515, 511, 1.153560184, 510, 0.761928311, 511, 1.153560184
514, 0.807842719, 513, 1.142160203, 512, 0.784999515, 513, 1.142160203
516, 0.830439649, 515, 1.129846494, 514, 0.807842719, 515, 1.129846494
518, 0.852772227, 517, 1.116628908, 516, 0.830439649, 517, 1.116628908
520, 0.874822587, 519, 1.102518019, 518, 0.852772227, 519, 1.102518019
522, 0.896573089, 521, 1.087525116, 520, 0.874822587, 521, 1.087525116
524, 0.918006333, 523, 1.071662192, 522, 0.896573089, 523, 1.071662192
526, 0.939105172, 525, 1.054941939, 524, 0.918006333, 525, 1.054941939
528, 0.959852727, 527, 1.037377732, 526, 0.939105172, 527, 1.037377732
530, 0.980232399, 529, 1.018983623, 528, 0.959852727, 529, 1.018983623
532, 1.000227886, 531, 0.999774327, 530, 0.980232399, 531, 0.999774327
534, 1.019823190, 533, 0.979765212, 532, 1.000227886, 533, 0.979765212
536, 1.039002636, 535, 0.958972284, 534, 1.019823190, 535, 0.958972284
538, 1.057750880, 537, 0.937412179, 536, 1.039002636, 537, 0.937412179
540, 1.076052923, 539, 0.915102144, 538, 1.057750880, 539, 0.915102144
542, 1.093894124, 541, 0.892060027, 540, 1.076052923, 541, 0.892060027
544, 1.111260209, 543, 0.868304262, 542, 1.093894124, 543, 0.868304262
546, 1.128137286, 545, 0.843853854, 544, 1.111260209, 545, 0.843853854
548, 1.144511853, 547, 0.818728363, 546, 1.128137286, 547, 0.818728363
550, 1.160370811, 549, 0.792947889, 548, 1.144511853, 549, 0.792947889
552, 1.175701472, 551, 0.766533057, 550, 1.160370811, 551, 0.766533057
554, 1.190491572, 553, 0.739504998, 552, 1.175701472, 553, 0.739504998
556, 1.204729279, 555, 0.711885335, 554, 1.190491572, 555, 0.711885335
558, 1.218403202, 557, 0.683696164, 556, 1.204729279, 557, 0.683696164
560, 1.231502403, 559, 0.654960036, 558, 1.218403202, 559, 0.654960036
562, 1.244016402, 561, 0.625699940, 560, 1.231502403, 561, 0.625699940
564, 1.255935188, 563, 0.595939284, 562, 1.244016402, 563, 0.595939284
566, 1.267249226, 565, 0.565701876, 564, 1.255935188, 565, 0.565701876
568, 1.277949464, 567, 0.535011907, 566, 1.267249226, 567, 0.535011907
570, 1.288027343, 569, 0.503893928, 568, 1.277949464, 569, 0.503893928
572, 1.297474800, 571, 0.472372834, 570, 1.288027343, 571, 0.472372834
574, 1.306284277, 573, 0.440473842, 572, 1.297474800, 573, 0.440473842
576, 1.314448726, 575, 0.408222471, 574, 1.306284277, 575, 0.408222471
578, 1.321961616, 577, 0.375644522, 576, 1.314448726, 577, 0.375644522
580, 1.328816937, 579, 0.342766057, 578, 1.321961616, 579, 0.342766057
582, 1.335009205, 581, 0.309613380, 580, 1.328816937, 581, 0.309613380
584, 1.340533465, 583, 0.276213012, 582, 1.335009205, 583, 0.276213012
586, 1.345385298, 585, 0.242591673, 584, 1.340533465, 585, 0.242591673
588, 1.349560823, 587, 0.208776261, 586, 1.345385298, 587, 0.208776261
590, 1.353056700, 589, 0.174793828, 588, 1.349560823, 589, 0.174793828
592, 1.355870131, 591, 0.140671560, 590, 1.353056700, 591, 0.140671560
594, 1.357998866, 593, 0.106436755, 592, 1.355870131, 593, 0.106436755
596, 1.359441202, 595, 0.072116800, 594, 1.357998866, 595, 0.072116800
598, 1.360195985, 597, 0.037739152, 596, 1.359441202, 597, 0.037739152
600, 1.360262611, 599, 0.003331313, 598, 1.360195985, 599, 0.003331313
602, 1.359641027, 601, -0.031079191, 600, 1.360262611, 601, -0.031079191
604, 1.358331730, 603, -0.065464832, 602, 1.359641027, 603, -0.065464832
606, 1.356335768, 605, -0.099798101, 604, 1.358331730, 605, -0.099798101
608, 1.353654737, 607, -0.134051532, 606, 1.356335768, 607, -0.134051532
610, 1.350290783, 609, -0.168197721, 608, 1.353654737, 609, -0.168197721
612, 1.346246596, 611, -0.202209352, 610, 1.350290783, 611, -0.202209352
614, 1.341525412, 613, -0.236059216, 612, 1.346246596, 613, -0.236059216
616, 1.336131007, 615, -0.269720232, 614, 1.341525412, 615, -0.269720232
618, 1.330067698, 617, -0.303165472, 616, 1.336131007, 617, -0.303165472
620, 1.323340334, 619, -0.336368180, 618, 1.330067698, 619, -0.336368180
622, 1.315954298, 621, -0.369301793, 620, 1.323340334, 621, -0.369301793
624, 1.307915499, 623, -0.401939965, 622, 1.315954298, 623, -0.401939965
626, 1.299230367, 625, -0.434256585, 624, 1.307915499, 625, -0.434256585
628, 1.289905851, 627, -0.466225800, 626, 1.299230367, 627, -0.466225800
630, 1.279949410, 629, -0.497822034, 628, 1.289905851, 629, -0.497822034
632, 1.269369010, 631, -0.529020010, 630, 1.279949410, 631, -0.529020010
634, 1.258173115, 633, -0.559794770, 632, 1.269369010, 633, -0.559794770
636, 1.246370681, 635, -0.590121695, 634, 1.258173115, 635, -0.590121695
638, 1.233971151, 637, -0.619976522, 636, 1.246370681, 637, -0.619976522
640, 1.220984444, 639, -0.649335368, 638, 1.233971151, 639, -0.649335368
642, 1.207420949, 641, -0.678174746, 640, 1.220984444, 641, -0.678174746
644, 1.193291517, 643, -0.706471584, 642, 1.207420949, 643, -0.706471584
646, 1.178607452, 645, -0.734203245, 644, 1.193291517, 645, -0.734203245
648, 1.163380501, 647, -0.761347543, 646, 1.178607452, 647, -0.761347543
650, 1.147622846, 649, -0.787882763, 648, 1.163380501, 649, -0.787882763
652, 1.131347092, 651, -0.813787677, 650, 1.147622846, 651, -0.813787677
654, 1.114566261, 653, -0.839041561, 652, 1.131347092, 653, -0.839041561
656, 1.097293777, 655, -0.863624211, 654, 1.114566261, 655, -0.863624211
658, 1.079543458, 657, -0.887515962, 656, 1.097293777, 657, -0.887515962
660, 1.061329504, 659, -0.910697700, 658, 1.079543458, 659, -0.910697700
662, 1.042666486, 661, -0.933150880, 660, 1.061329504, 661, -0.933150880
664, 1.023569335, 663, -0.954857539, 662, 1.042666486, 663, -0.954857539
666, 1.004053329, 665, -0.975800312, 664, 1.023569335, 665, -0.975800312
668, 0.984134080, 667, -0.995962445, 666, 1.004053329, 667, -0.995962445
670, 0.963827524, 669, -1.015327808, 668, 0.984134080, 669, -1.015327808
672, 0.943149906, 671, -1.033880909, 670, 0.963827524, 671, -1.033880909
674, 0.922117768, 673, -1.051606905, 672, 0.943149906, 673, -1.051606905
676, 0.900747936, 675, -1.068491616, 674, 0.922117768, 675, -1.068491616
678, 0.879057505, 677, -1.084521533, 676, 0.900747936, 677, -1.084521533
680, 0.857063828, 679, -1.099683833, 678, 0.879057505, 679, -1.099683833
682, 0.834784500, 681, -1.113966386, 680, 0.857063828, 681, -1.113966386
684, 0.812237345, 683, -1.127357766, 682, 0.834784500, 683, -1.127357766
686, 0.789440400, 685, -1.139847260, 684, 0.812237345, 685, -1.139847260
688, 0.766411902, 687, -1.151424876, 686, 0.789440400, 687, -1.151424876
690, 0.743170275, 689, -1.162081352, 688, 0.766411902, 689, -1.162081352
692, 0.719734112, 691, -1.171808163, 690, 0.743170275, 691, -1.171808163
694, 0.696122161, 693, -1.180597527, 692, 0.719734112, 693, -1.180597527
696, 0.672353313, 695, -1.188442413, 694, 0.696122161, 695, -1.188442413
698, 0.648446582, 697, -1.195336546, 696, 0.672353313, 697, -1.195336546
700, 0.624421094, 699, -1.201274409, 698, 0.648446582, 699, -1.201274409
702, 0.600296069, 701, -1.206251253, 700, 0.624421094, 701, -1.206251253
704, 0.576090807, 703, -1.210263096, 702, 0.600296069, 703, -1.210263096
706, 0.551824672, 705, -1.213306728, 704, 0.576090807, 705, -1.213306728
708, 0.527517078, 707, -1.215379715, 706, 0.551824672, 707, -1.215379715
710, 0.503187470, 709, -1.216480398, 708, 0.527517078, 709, -1.216480398
712, 0.478855312, 711, -1.216607897, 710, 0.503187470, 711, -1.216607897
714, 0.454540070, 713, -1.215762109, 712, 0.478855312, 713, -1.215762109
716, 0.430261196, 715, -1.213943712, 714, 0.454540070, 715, -1.213943712
718, 0.406038113, 717, -1.211154160, 716, 0.430261196, 717, -1.211154160
720, 0.381890199, 719, -1.207395685, 718, 0.406038113, 719, -1.207395685
722, 0.357836773, 721, -1.202671293, 720, 0.381890199, 721, -1.202671293
724, 0.333897078, 723, -1.196984764, 722, 0.357836773, 723, -1.196984764
726, 0.310090265, 725, -1.190340647, 724, 0.333897078, 725, -1.190340647
728, 0.286435380, 727, -1.182744258, 726, 0.310090265, 727, -1.182744258
730, 0.262951347, 729, -1.174201673, 728, 0.286435380, 729, -1.174201673
732, 0.239656952, 731, -1.164719727, 730, 0.262951347, 731, -1.164719727
734, 0.216570832, 733, -1.154306005, 732, 0.239656952, 733, -1.154306005
736, 0.193711455, 735, -1.142968838, 734, 0.216570832, 735, -1.142968838
738, 0.171097109, 737, -1.130717296, 736, 0.193711455, 737, -1.130717296
740, 0.148745885, 739, -1.117561180, 738, 0.171097109, 739, -1.117561180
742, 0.126675665, 741, -1.103511015, 740, 0.148745885, 741, -1.103511015
744, 0.104904104, 743, -1.088578042, 742, 0.126675665, 743, -1.088578042
746, 0.083448620, 745, -1.072774206, 744, 0.104904104, 745, -1.072774206
748, 0.062326377, 747, -1.056112151, 746, 0.083448620, 747, -1.056112151
750, 0.041554273, 749, -1.038605206, 748, 0.062326377, 749, -1.038605206
752, 0.021148925, 751, -1.020267377, 750, 0.041554273, 751, -1.020267377
754, 0.001126658, 753, -1.001113334, 752, 0.021148925, 753, -1.001113334
756, -0.018496510, 755, -0.981158400, 754, 0.001126658, 755, -0.981158400
758, -0.037704881, 757, -0.960418540, 756, -0.018496510, 757, -0.960418540
760, -0.056483088, 759, -0.938910345, 758, -0.037704881, 759, -0.938910345
762, -0.074816108, 761, -0.916651021, 760, -0.056483088, 761, -0.916651021
764, -0.092689276, 763, -0.893658377, 762, -0.074816108, 763, -0.893658377
766, -0.110088292, 765, -0.869950806, 764, -0.092689276, 765, -0.869950806
768, -0.126999237, 767, -0.845547274, 766, -0.110088292, 767, -0.845547274
770, -0.143408583, 769, -0.820467305, 768, -0.126999237, 769, -0.820467305
772, -0.159303202, 771, -0.794730962, 770, -0.143408583, 771, -0.794730962
774, -0.174670379, 773, -0.768358834, 772, -0.159303202, 773, -0.768358834
776, -0.189497819, 775, -0.741372019, 774, -0.174670379, 775, -0.741372019
778, -0.203773661, 777, -0.713792106, 776, -0.189497819, 777, -0.713792106
780, -0.217486484, 779, -0.685641160, 778, -0.203773661, 779, -0.685641160
782, -0.230625318, 781, -0.656941701, 780, -0.217486484, 781, -0.656941701
784, -0.243179652, 783, -0.627716688, 782, -0.230625318, 783, -0.627716688
786, -0.255139442, 785, -0.597989502, 784, -0.243179652, 785, -0.597989502
788, -0.266495120, 787, -0.567783924, 786, -0.255139442, 787, -0.567783924
790, -0.277237602, 789, -0.537124119, 788, -0.266495120, 789, -0.537124119
792, -0.287358294, 791, -0.506034615, 790, -0.277237602, 791, -0.506034615
794, -0.296849100, 793, -0.474540283, 792, -0.287358294, 793, -0.474540283
796, -0.305702426, 795, -0.442666319, 794, -0.296849100, 795, -0.442666319
798, -0.313911190, 797, -0.410438222, 796, -0.305702426, 797, -0.410438222
800, -0.321468825, 799, -0.377881774, 798, -0.313911190, 799, -0.377881774
802, -0.328369285, 801, -0.345023021, 800, -0.321468825, 801, -0.345023021
804, -0.334607050, 803, -0.311888250, 802, -0.328369285, 803, -0.311888250
806, -0.340177129, 805, -0.278503968, 804, -0.334607050, 805, -0.278503968
808, -0.345075067, 807, -0.244896883, 806, -0.340177129, 807, -0.244896883
810, -0.349296945, 809, -0.211093880, 808, -0.345075067, 809, -0.211093880
812, -0.352839385, 811, -0.177122002, 810, -0.349296945, 811, -0.177122002
814, -0.355699554, 813, -0.143008427, 812, -0.352839385, 813, -0.143008427
816, -0.357875163, 815, -0.108780445, 814, -0.355699554, 815, -0.108780445
818, -0.359364472, 817, -0.074465438, 816, -0.357875163, 817, -0.074465438
820, -0.360166289, 819, -0.040090859, 818, -0.359364472, 819, -0.040090859
822, -0.360279973, 821, -0.005684207, 820, -0.360166289, 821, -0.005684207
824, -0.359705433, 823, 0.028726992, 822, -0.360279973, 823, 0.028726992
826, -0.358443129, 825, 0.063115209, 824, -0.359705433, 825, 0.063115209
828, -0.356494070, 827, 0.097452934, 826, -0.358443129, 827, 0.097452934
830, -0.353859816, 829, 0.131712697, 828, -0.356494070, 829, 0.131712697
832, -0.350542474, 831, 0.165867090, 830, -0.353859816, 831, 0.165867090
834, -0.346544698, 833, 0.199888789, 832, -0.350542474, 833, 0.199888789
836, -0.341869686, 835, 0.233750577, 834, -0.346544698, 835, 0.233750577
838, -0.336521179, 837, 0.267425364, 836, -0.341869686, 837, 0.267425364
840, -0.330503455, 839, 0.300886211, 838, -0.336521179, 839, 0.300886211
842, -0.323821328, 841, 0.334106349, 840, -0.330503455, 841, 0.334106349
844, -0.316480144, 843, 0.367059202, 842, -0.323821328, 843, 0.367059202
846, -0.308485776, 845, 0.399718408, 844, -0.316480144, 845, 0.399718408
848, -0.299844619, 847, 0.432057839, 846, -0.308485776, 847, 0.432057839
850, -0.290563587, 849, 0.464051624, 848, -0.299844619, 849, 0.464051624
852, -0.280650104, 851, 0.495674167, 850, -0.290563587, 851, 0.495674167
854, -0.270112101, 853, 0.526900171, 852, -0.280650104, 853, 0.526900171
856, -0.258958008, 855, 0.557704655, 854, -0.270112101, 855, 0.557704655
858, -0.247196748, 857, 0.588062975, 856, -0.258958008, 857, 0.588062975
860, -0.234837731, 859, 0.617950845, 858, -0.247196748, 859, 0.617950845
862, -0.221890844, 861, 0.647344354, 860, -0.234837731, 861, 0.647344354
864, -0.208366444, 863, 0.676219988, 862, -0.221890844, 863, 0.676219988
866, -0.194275351, 865, 0.704554646, 864, -0.208366444, 865, 0.704554646
868, -0.179628838, 867, 0.732325660, 866, -0.194275351, 867, 0.732325660
870, -0.164438622, 869, 0.759510814, 868, -0.179628838, 869, 0.759510814
872, -0.148716855, 871, 0.786088359, 870, -0.164438622, 871, 0.786088359
874, -0.132476114, 873, 0.812037033, 872, -0.148716855, 873, 0.812037033
876, -0.115729392, 875, 0.837336078, 874, -0.132476114, 875, 0.837336078
878, -0.098490087, 877, 0.861965254, 876, -0.115729392, 877, 0.861965254
880, -0.080771990, 879, 0.885904857, 878, -0.098490087, 879, 0.885904857
882, -0.062589275, 881, 0.909135737, 880, -0.080771990, 881, 0.909135737
884, -0.043956489, 883, 0.931639308, 882, -0.062589275, 883, 0.931639308
886, -0.024888538, 885, 0.953397568, 884, -0.043956489, 885, 0.953397568
888, -0.005400676, 887, 0.974393110, 886, -0.024888538, 887, 0.974393110
890, 0.014491507, 889, 0.994609137, 888, -0.005400676, 889, 0.994609137
892, 0.034772097, 891, 1.014029477, 890, 0.014491507, 891, 1.014029477
894, 0.055424869, 893, 1.032638593, 892, 0.034772097, 893, 1.032638593
896, 0.076433301, 895, 1.050421598, 894, 0.055424869, 895, 1.050421598
898, 0.097780586, 897, 1.067364266, 896, 0.076433301, 897, 1.067364266
900, 0.119449647, 899, 1.083453043, 898, 0.097780586, 899, 1.083453043
902, 0.141423148, 901, 1.098675057, 900, 0.119449647, 901, 1.098675057
904, 0.163683511, 903, 1.113018131, 902, 0.141423148, 903, 1.113018131
906, 0.186212927, 905, 1.126470791, 904, 0.163683511, 905, 1.126470791
908, 0.208993372, 907, 1.139022274, 906, 0.186212927, 907, 1.139022274
910, 0.232006623, 909, 1.150662539, 908, 0.208993372, 909, 1.150662539
912, 0.255234268, 911, 1.161382274, 910, 0.232006623, 911, 1.161382274
914, 0.278657726, 913, 1.171172903, 912, 0.255234268, 913, 1.171172903
916, 0.302258258, 915, 1.180026594, 914, 0.278657726, 915, 1.180026594
918, 0.326016983, 917, 1.187936264, 916, 0.302258258, 917, 1.187936264
920, 0.349914895, 919, 1.194895585, 918, 0.326016983, 919, 1.194895585
922, 0.373932875, 921, 1.200898989, 920, 0.349914895, 921, 1.200898989
924, 0.398051708, 923, 1.205941674, 922, 0.373932875, 923, 1.205941674
926, 0.422252100, 925, 1.210019606, 924, 0.398051708, 925, 1.210019606
928, 0.446514690, 927, 1.213129522, 926, 0.422252100, 927, 1.213129522
930, 0.470820069, 929, 1.215268934, 928, 0.446514690, 929, 1.215268934
932, 0.495148792, 931, 1.216436131, 930, 0.470820069, 931, 1.216436131
934, 0.519481396, 933, 1.216630179, 932, 0.495148792, 933, 1.216630179
936, 0.543798414, 935, 1.215850923, 934, 0.519481396, 935, 1.215850923
938, 0.568080394, 937, 1.214098986, 936, 0.543798414, 937, 1.214098986
940, 0.592307909, 939, 1.211375770, 938, 0.568080394, 939, 1.211375770
942, 0.616461578, 941, 1.207683454, 940, 0.592307909, 941, 1.207683454
944, 0.640522078, 943, 1.203024991, 942, 0.616461578, 943, 1.203024991
946, 0.664470160, 945, 1.197404108, 944, 0.640522078, 945, 1.197404108
948, 0.688286666, 947, 1.190825302, 946, 0.664470160, 947, 1.190825302
950, 0.711952543, 949, 1.183293835, 948, 0.688286666, 949, 1.183293835
952, 0.735448858, 951, 1.174815733, 950, 0.711952543, 951, 1.174815733
954, 0.758756814, 953, 1.165397779, 952, 0.735448858, 953, 1.165397779
956, 0.781857764, 955, 1.155047506, 954, 0.758756814, 955, 1.155047506
958, 0.804733228, 957, 1.143773195, 956, 0.781857764, 957, 1.143773195
960, 0.827364905, 959, 1.131583866, 958, 0.804733228, 959, 1.131583866
962, 0.849734690, 961, 1.118489270, 960, 0.827364905, 961, 1.118489270
964, 0.871824688, 963, 1.104499882, 962, 0.849734690, 963, 1.104499882
966, 0.893617226, 965, 1.089626894, 964, 0.871824688, 965, 1.089626894
968, 0.915094870, 967, 1.073882205, 966, 0.893617226, 967, 1.073882205
970, 0.936240438, 969, 1.057278410, 968, 0.915094870, 969, 1.057278410
972, 0.957037014, 971, 1.039828792, 970, 0.936240438, 971, 1.039828792
974, 0.977467960, 973, 1.021547311, 972, 0.957037014, 973, 1.021547311
976, 0.997516932, 975, 1.002448593, 974, 0.977467960, 975, 1.002448593
978, 1.017167890, 977, 0.982547916, 976, 0.997516932, 977, 0.982547916
980, 1.036405114, 979, 0.961861200, 978, 1.017167890, 979, 0.961861200
982, 1.055213214, 981, 0.940404995, 980, 1.036405114, 981, 0.940404995
984, 1.073577143, 983, 0.918196466, 982, 1.055213214, 983, 0.918196466
986, 1.091482211, 985, 0.895253380, 984, 1.073577143, 985, 0.895253380
988, 1.108914093, 987, 0.871594092, 986, 1.091482211, 987, 0.871594092
990, 1.125858844, 989, 0.847237528, 988, 1.108914093, 989, 0.847237528
992, 1.142302907, 991, 0.822203174, 990, 1.125858844, 991, 0.822203174
994, 1.158233128, 993, 0.796511058, 992, 1.142302907, 993, 0.796511058
996, 1.173636763, 995, 0.770181733, 994, 1.158233128, 995, 0.770181733
998, 1.188501488, 997, 0.743236262, 996, 1.173636763, 997, 0.743236262
1000, 1.202815412, 999, 0.715696202, 998, 1.188501488, 999, 0.715696202
